sB.c,sB.m,sAB.c,sAB.m,xB.c,xB.m,dA,dB
0.132753658329387,0.0900999698551787,8.50937084019624e-07,-7.0781081982062e-08,1.22329944139931e-07,0.0302806532606981,0.105457088507949,0.1713618072568
0.132753658329387,0.0900999698551787,8.50937084019624e-07,-7.0781081982062e-08,1.22329944139931e-07,0.0302806532606981,0.105457088507949,0.1713618072568
0.132753658329387,0.0900999698551787,8.50937084019624e-07,-7.0781081982062e-08,1.22329944139931e-07,0.0302806532606981,0.105457088507949,0.1713618072568
