sA.c,sA.m,sB.c,sB.m,sAB.c,sAB.m,xB.c,xB.m,dA,dB
0.0904845217043244,0.0651543505664628,0.0780613289691089,0.239231503951117,9.30731030623145e-08,3.9449554877632e-08,0.0316904398935322,-0.00390332401827802,0.0940244385137027,0.170861969840151
0.0904845217043244,0.0651543505664628,0.0780613289691089,0.239231503951117,9.30731030623145e-08,3.9449554877632e-08,0.0316904398935322,-0.00390332401827802,0.0940244385137027,0.170861969840151
0.0904845217043244,0.0651543505664628,0.0780613289691089,0.239231503951117,9.30731030623145e-08,3.9449554877632e-08,0.0316904398935322,-0.00390332401827802,0.0940244385137027,0.170861969840151
