sA.c,sA.m,sB.c,sB.m,sAB.c,sAB.m,xA.c,xA.m,xB.c,xB.m,dA,dB
0.0886860995485177,0.0612186272779485,0.0756984265169167,0.245978204411563,8.35203650156329e-06,-1.02862651392528e-06,0.000118235875473628,-1.4562396461522e-05,0.0493938268738901,-0.00608463657307177,0.0982631999234974,0.161478934617999
0.0886860995485177,0.0612186272779485,0.0756984265169167,0.245978204411563,8.35203650156329e-06,-1.02862651392528e-06,0.000118235875473628,-1.4562396461522e-05,0.0493938268738901,-0.00608463657307177,0.0982631999234974,0.161478934617999
0.0886860995485177,0.0612186272779485,0.0756984265169167,0.245978204411563,8.35203650156329e-06,-1.02862651392528e-06,0.000118235875473628,-1.4562396461522e-05,0.0493938268738901,-0.00608463657307177,0.0982631999234974,0.161478934617999
