l.c,m.c,drift,diffusion
0.468693599691483,4.69420670342792e-09,0.0263458327762777,22.5460568478793
